Model,Accuracy,Macro F1,Olumsuz F1
Linear SVM,0.9554677488252883,0.7815110467152371,0.5865556216537775
Lojistik Regresyon,0.9567278940623665,0.7586299139462578,0.5399636693914623
SGDClassifier,0.941456642460487,0.5650804309930335,0.16049004594180705
Naive Bayes,0.9441264416915848,0.7263276571241157,0.4821852731591449
