Özellik Temsili,Eşik,Accuracy,Macro F1,Olumsuz Precision,Olumsuz Recall,Olumsuz F1
Word TF-IDF,0.2,0.951772746689449,0.7794344989129447,0.6408393866020985,0.5372124492557511,0.5844681634155319
Char n-gram TF-IDF,0.2,0.9458564715933362,0.7694471376404883,0.5723616363011345,0.5632611637347767,0.5677749360613811
Word + Char Hibrit,0.35,0.9481631781290047,0.7896709720594708,0.5821173548587395,0.6343031123139378,0.6070908207867897
